ticker,DATE,Revenue Growth (YoY),Shares Change,Gross Margin,Operating Margin,Profit Margin,Free Cash Flow Margin,EBITDA Margin,EBIT Margin,Cash Growth,Debt Growth
AAPL,12/31/2022,-5.48%,-3.41%,42.96%,30.74%,25.61%,25.79%,32.90%,30.41%,-18.34%,-9.52%
AAPL,9/24/2022,8.14%,-3.11%,42.26%,27.62%,22.99%,23.12%,31.45%,28.27%,-11.24%,-3.73%
AAPL,6/25/2022,1.87%,-3.10%,43.26%,27.82%,23.44%,25.06%,32.05%,28.67%,-7.40%,-1.72%
AAPL,3/26/2022,8.59%,-3.11%,43.75%,30.82%,25.71%,26.37%,34.51%,31.69%,-5.70%,-1.37%
AAPL,12/25/2021,11.22%,-3.47%,43.76%,33.47%,27.94%,35.63%,36.01%,33.83%,3.59%,9.60%
AAPL,9/25/2021,28.84%,-3.60%,42.20%,28.53%,24.65%,20.37%,32.28%,28.69%,-0.68%,10.92%
AAPL,6/26/2021,36.44%,-3.66%,43.29%,29.63%,26.70%,23.33%,34.22%,30.74%,0.01%,8.04%
AAPL,3/27/2021,53.63%,-3.91%,42.51%,30.70%,26.38%,24.24%,35.14%,32.02%,5.98%,11.08%
AAPL,12/26/2020,21.37%,-3.96%,39.78%,30.09%,25.80%,31.64%,33.10%,30.70%,-5.55%,3.46%
AAPL,9/26/2020,1.03%,-4.56%,38.16%,22.84%,19.59%,29.05%,28.19%,24.01%,-6.83%,4.06%
AAPL,6/27/2020,10.92%,-5.36%,38.00%,21.93%,18.85%,24.64%,27.79%,23.18%,-8.07%,3.97%
AAPL,3/28/2020,0.51%,-6.30%,38.36%,22.04%,19.29%,19.65%,28.60%,23.82%,-14.45%,-2.77%
AAPL,12/28/2019,8.91%,-6.68%,38.35%,27.85%,24.22%,30.94%,32.15%,29.08%,-15.50%,-5.61%
AAPL,9/28/2019,1.81%,-6.75%,37.97%,24.40%,21.37%,26.75%,31.41%,26.45%,-13.16%,-5.62%
AAPL,6/29/2019,1.02%,-6.60%,37.59%,21.45%,18.67%,17.91%,29.20%,23.75%,-13.59%,-5.39%
AAPL,3/30/2019,-5.11%,-7.26%,37.61%,23.12%,19.93%,15.15%,30.76%,25.52%,-15.65%,-7.56%
AAPL,12/29/2018,-4.51%,-7.46%,37.99%,27.69%,23.68%,27.68%,33.44%,29.41%,-14.05%,-6.27%
AAPL,9/29/2018,19.63%,-6.48%,38.29%,25.62%,22.46%,26.20%,31.86%,27.49%,-11.82%,-1.03%
AAPL,6/30/2018,17.30%,-5.86%,38.34%,23.68%,21.63%,21.07%,31.53%,26.53%,-6.80%,5.78%
AAPL,3/31/2018,15.58%,-3.67%,38.31%,26.00%,22.61%,17.89%,32.22%,27.74%,4.04%,23.67%
AAPL,12/30/2017,12.69%,-3.19%,38.41%,29.76%,22.73%,28.86%,34.55%,31.45%,15.85%,39.81%
AAPL,9/30/2017,12.22%,-3.89%,37.91%,24.95%,20.38%,22.60%,32.46%,27.74%,13.18%,32.92%
AAPL,7/1/2017,7.20%,-4.37%,38.51%,23.71%,19.20%,14.08%,31.41%,26.23%,12.96%,27.56%
AAPL,4/1/2017,4.63%,-5.04%,38.93%,26.65%,20.85%,18.30%,33.17%,28.76%,10.27%,23.35%
AAPL,12/31/2016,3.27%,-4.76%,38.51%,29.81%,22.83%,30.39%,35.34%,31.53%,14.07%,39.05%
AAPL,9/24/2016,-9.03%,-5.09%,38.02%,25.10%,19.24%,28.41%,32.41%,26.97%,15.52%,35.29%
AAPL,6/25/2016,-14.61%,-5.20%,38.02%,23.86%,18.41%,18.25%,31.64%,25.68%,14.13%,56.08%
AAPL,3/26/2016,-12.85%,-5.04%,39.40%,27.67%,20.80%,17.81%,33.51%,28.61%,20.35%,82.06%
AAPL,12/26/2015,1.71%,-4.89%,40.10%,31.86%,24.20%,30.92%,36.64%,32.75%,21.23%,72.96%
AAPL,9/26/2015,22.26%,-4.85%,39.90%,28.39%,21.60%,19.06%,35.76%,29.71%,32.48%,82.26%
AAPL,6/27/2015,32.52%,-4.60%,39.68%,28.39%,21.52%,26.00%,35.80%,29.58%,23.32%,75.32%
AAPL,3/28/2015,27.09%,-5.23%,40.78%,31.51%,23.39%,28.62%,36.56%,32.28%,28.52%,158.64%
AAPL,12/27/2014,29.53%,-6.79%,39.87%,32.50%,24.16%,40.83%,36.36%,32.91%,12.03%,114.63%
AAPL,9/27/2014,12.41%,-6.16%,38.01%,26.51%,20.10%,22.31%,32.18%,27.51%,5.78%,108.11%
AAPL,6/28/2014,5.97%,-6.46%,39.36%,27.47%,20.70%,20.90%,33.47%,28.28%,12.19%,83.04%
AAPL,3/29/2014,4.69%,-7.03%,39.32%,29.78%,22.40%,26.40%,34.59%,30.46%,4.08%,-
AMD,12/31/2022,16.02%,32.38%,42.92%,-2.66%,0.38%,7.91%,20.20%,-2.04%,62.28%,333.13%
AMD,9/24/2022,29.03%,32.11%,42.30%,-1.15%,1.19%,15.13%,20.66%,-0.68%,54.96%,396.56%
AMD,6/25/2022,70.13%,32.47%,46.23%,8.03%,6.82%,13.83%,26.37%,8.03%,57.98%,478.48%
AMD,3/26/2022,70.89%,14.54%,47.87%,16.15%,13.35%,15.70%,26.16%,15.49%,109.63%,291.47%
AMD,12/25/2021,48.77%,1.58%,50.27%,25.01%,20.18%,15.25%,27.87%,25.09%,57.55%,24.48%
AMD,9/25/2021,53.98%,1.23%,48.37%,21.98%,21.40%,17.71%,26.06%,23.46%,103.73%,0.69%
AMD,6/26/2021,99.28%,0.41%,47.53%,21.58%,18.44%,23.06%,24.49%,21.64%,113.69%,-38.14%
AMD,3/27/2021,92.89%,0.57%,46.07%,19.22%,16.11%,24.15%,22.06%,18.96%,124.98%,-21.17%
AMD,12/26/2020,52.52%,3.88%,44.73%,17.57%,54.90%,14.80%,20.31%,17.20%,52.36%,-22.48%
AMD,9/26/2020,55.52%,8.77%,43.91%,16.03%,13.92%,9.46%,18.06%,14.74%,46.48%,-46.13%
AMD,6/27/2020,26.19%,10.64%,43.89%,8.95%,8.13%,7.87%,13.30%,9.06%,57.36%,-28.02%
AMD,3/28/2020,40.41%,11.88%,45.80%,9.91%,9.07%,-6.72%,14.50%,10.13%,16.00%,-46.52%
AMD,12/28/2019,49.89%,7.12%,44.62%,16.36%,7.99%,18.81%,13.92%,10.48%,30.02%,-45.20%
AMD,9/28/2019,8.95%,3.81%,43.14%,10.33%,6.66%,9.94%,12.22%,8.38%,14.49%,-17.65%
AMD,6/29/2019,-12.81%,-3.31%,40.56%,3.85%,2.29%,-1.83%,8.03%,4.05%,14.75%,-10.84%
AMD,3/30/2019,-22.77%,5.29%,40.96%,2.99%,1.26%,-21.62%,6.68%,2.36%,14.26%,-5.84%
AMD,12/29/2018,5.90%,11.89%,37.84%,1.97%,2.68%,5.57%,5.29%,2.26%,-2.45%,-10.39%
AMD,9/29/2018,4.36%,3.26%,39.99%,9.07%,6.17%,2.60%,11.19%,8.71%,20.14%,-8.63%
AMD,6/30/2018,52.56%,21.38%,37.13%,8.71%,6.61%,-5.58%,11.10%,8.71%,16.47%,-1.69%
AMD,3/31/2018,39.81%,10.65%,36.25%,7.29%,4.92%,-9.29%,9.96%,7.29%,10.82%,-1.42%
AMD,12/30/2017,16.22%,3.20%,33.73%,-0.15%,-1.42%,20.90%,2.91%,-,-6.25%,-2.79%
AMD,9/30/2017,21.19%,27.85%,36.05%,7.51%,3.85%,2.21%,9.47%,7.20%,-30.13%,-12.62%
AMD,7/1/2017,12.07%,15.10%,33.54%,-0.09%,-3.65%,-8.17%,2.43%,-0.61%,-11.81%,-36.68%
AMD,4/1/2017,41.59%,18.41%,32.09%,0.93%,-2.80%,-27.33%,3.23%,0.34%,31.70%,-37.03%
AMD,12/31/2016,20.35%,18.31%,30.88%,-0.35%,-4.51%,13.70%,1.82%,-1.13%,61.02%,-35.85%
AMD,9/24/2016,23.19%,3.82%,4.51%,-22.42%,-31.06%,1.53%,-25.10%,-27.62%,66.62%,-27.79%
AMD,6/25/2016,9.02%,5.53%,31.06%,-0.78%,6.72%,-10.32%,16.75%,13.53%,15.44%,-1.37%
AMD,3/26/2016,-19.22%,2.06%,32.33%,-8.17%,-13.10%,-8.17%,-4.21%,-8.17%,-20.97%,-1.41%
AMD,12/26/2015,-22.68%,1.93%,29.54%,-5.11%,-10.65%,2.82%,-1.77%,-5.32%,-24.52%,1.13%
AMD,9/26/2015,-25.75%,-,22.53%,-14.89%,-18.57%,-6.88%,-10.93%,-14.89%,-19.51%,2.36%
AMD,6/27/2015,-34.63%,1.83%,24.63%,-14.54%,-19.21%,-7.86%,-10.08%,-14.86%,-12.55%,2.67%
AMD,3/28/2015,-26.27%,2.10%,31.65%,-13.30%,-17.48%,-18.83%,-8.83%,-13.30%,0.44%,6.08%
AMD,12/27/2014,-22.03%,2.64%,29.06%,-26.63%,-29.38%,7.59%,-22.44%,-26.31%,-5.20%,7.48%
AMD,9/27/2014,-2.19%,2.75%,34.57%,4.41%,1.19%,-0.77%,7.77%,4.34%,-11.51%,7.76%
AMD,6/28/2014,24.12%,1.60%,34.56%,4.37%,-2.50%,-3.54%,4.65%,0.97%,-2.07%,7.96%
AMD,3/29/2014,28.40%,1.60%,34.86%,3.51%,-1.43%,-16.11%,5.87%,2.08%,-10.07%,4.60%
F,12/31/2022,8.58%,-0.98%,42.60%,1.83%,0.19%,9.20%,8.33%,-0.17%,-27.09%,20.38%
F,9/30/2022,14.70%,0.21%,44.71%,1.99%,2.26%,-2.86%,10.92%,2.80%,-25.73%,12.60%
F,6/30/2022,7.21%,-1.08%,45.21%,2.74%,-1.67%,-4.23%,6.30%,-1.72%,-32.46%,16.89%
F,3/31/2022,7.30%,-0.87%,42.89%,3.15%,-3.30%,-14.20%,3.78%,-4.12%,-9.40%,33.38%
F,12/31/2021,9.44%,0.69%,39.72%,2.52%,10.42%,4.09%,18.45%,11.22%,13.81%,37.93%
F,9/30/2021,15.26%,0.67%,43.21%,4.38%,2.85%,-6.71%,12.41%,4.34%,15.48%,39.73%
F,6/30/2021,27.18%,1.04%,43.25%,6.81%,6.88%,-0.24%,15.14%,8.03%,25.92%,40.37%
F,3/31/2021,43.82%,1.38%,42.50%,8.17%,7.47%,-6.43%,16.74%,9.83%,48.64%,33.26%
F,12/31/2020,43.60%,1.10%,36.85%,5.47%,5.75%,13.73%,12.54%,6.53%,53.39%,33.52%
F,9/30/2020,37.39%,1.59%,40.60%,6.44%,6.58%,2.24%,14.41%,7.62%,57.60%,36.94%
F,6/30/2020,40.23%,1.19%,40.77%,6.57%,5.90%,15.74%,13.92%,7.46%,72.18%,29.87%
F,3/31/2020,26.39%,0.80%,41.34%,5.29%,3.36%,-3.13%,11.99%,4.88%,33.15%,12.62%
F,12/31/2019,20.80%,1.40%,38.27%,4.44%,3.74%,17.98%,12.21%,5.16%,33.38%,90.69%
F,9/30/2019,23.69%,0.60%,40.98%,4.51%,3.05%,6.44%,12.27%,4.32%,45.81%,141.17%
F,6/30/2019,19.89%,0.60%,42.69%,4.86%,4.14%,10.21%,13.35%,5.15%,53.28%,137.29%
F,3/31/2019,16.96%,0.80%,43.18%,7.40%,5.96%,-1.47%,16.11%,7.98%,48.30%,129.70%
F,12/31/2018,19.73%,0.81%,38.13%,5.23%,4.18%,18.45%,11.06%,5.17%,33.12%,33.96%
F,9/30/2018,29.33%,1.42%,41.67%,6.58%,5.10%,10.71%,13.30%,6.63%,22.44%,-0.11%
F,6/30/2018,39.34%,1.63%,42.08%,5.64%,4.79%,8.51%,12.44%,5.58%,26.10%,220.68%
F,3/31/2018,42.92%,1.63%,39.78%,3.78%,3.19%,-8.85%,11.59%,4.40%,15.94%,220.37%
F,12/31/2017,38.21%,1.85%,36.32%,3.52%,3.07%,15.42%,9.44%,3.65%,19.26%,221.59%
F,9/30/2017,33.72%,1.86%,37.02%,0.79%,0.59%,2.56%,7.90%,1.24%,32.50%,201.16%
F,6/30/2017,24.84%,1.86%,38.21%,1.65%,0.52%,3.55%,9.06%,2.13%,29.69%,-6.44%
F,3/31/2017,22.61%,1.87%,37.17%,2.81%,2.03%,-9.74%,9.88%,3.06%,35.77%,-6.42%
F,12/31/2016,22.36%,1.46%,33.79%,2.87%,1.71%,20.38%,8.21%,2.96%,31.16%,-6.48%
F,9/30/2016,29.01%,1.46%,35.01%,1.76%,0.77%,8.61%,8.20%,1.83%,27.16%,-0.46%
F,6/30/2016,31.14%,1.47%,36.92%,4.23%,2.82%,6.14%,10.49%,4.21%,18.13%,-0.46%
F,3/31/2016,28.22%,3.44%,35.23%,3.68%,1.76%,-10.75%,10.07%,3.79%,15.08%,-0.46%
F,12/31/2015,21.88%,3.23%,31.91%,3.10%,1.35%,21.32%,7.84%,2.93%,13.73%,-0.46%
F,9/30/2015,23.22%,3.24%,33.93%,1.60%,0.31%,5.58%,7.71%,1.40%,109.62%,165.99%
F,6/30/2015,19.88%,3.25%,34.61%,2.00%,0.40%,3.38%,8.52%,2.04%,75.32%,164.51%
F,3/31/2015,15.08%,-0.64%,32.23%,1.12%,-0.25%,-10.43%,6.85%,0.57%,59.02%,162.38%
F,12/31/2014,14.62%,-0.64%,29.52%,2.01%,0.73%,18.99%,6.39%,1.68%,39.92%,159.01%
F,9/30/2014,20.40%,1.31%,28.92%,-2.64%,-2.12%,1.89%,3.18%,-2.88%,-10.48%,1.84%
F,6/30/2014,23.15%,1.10%,30.72%,-0.08%,-0.65%,-2.21%,5.80%,0.07%,7.01%,2.53%
F,3/31/2014,22.84%,1.08%,28.80%,0.74%,0.55%,-18.14%,6.25%,1.13%,9.77%,3.52%
GOOG,12/31/2022,16.78%,-1.23%,9.33%,3.55%,2.93%,-2.02%,7.93%,3.44%,0.80%,0.64%
GOOG,9/30/2022,10.39%,-0.37%,8.51%,1.28%,-2.10%,5.28%,3.03%,-1.78%,-6.27%,-11.24%
GOOG,6/30/2022,50.23%,0.60%,14.00%,7.14%,1.66%,3.11%,7.59%,2.82%,-10.56%,-12.31%
GOOG,3/31/2022,-4.84%,-0.20%,11.84%,3.90%,-9.02%,-7.12%,-4.86%,-10.24%,-14.71%,-11.18%
GOOG,12/31/2021,4.80%,3.95%,10.58%,1.96%,32.60%,4.67%,35.84%,30.96%,-11.07%,-14.59%
GOOG,9/30/2021,-4.85%,0.77%,12.02%,3.76%,5.13%,15.23%,11.69%,6.54%,-8.83%,-8.08%
GOOG,6/30/2021,38.10%,0.90%,10.67%,-0.08%,2.10%,-2.83%,10.21%,4.47%,-24.51%,-16.16%
GOOG,3/31/2021,5.56%,1.34%,14.65%,6.80%,9.00%,8.62%,17.99%,12.19%,-14.31%,-8.76%
GOOG,12/31/2020,-9.48%,-2.43%,3.03%,-6.79%,-7.75%,8.37%,-3.48%,-9.27%,4.60%,4.11%
GOOG,9/30/2020,1.38%,-0.05%,12.31%,6.27%,6.36%,26.22%,13.64%,8.66%,-2.07%,2.05%
GOOG,6/30/2020,-50.14%,-0.52%,-4.10%,-14.24%,5.77%,40.99%,20.09%,7.91%,8.76%,12.28%
GOOG,3/31/2020,-14.93%,-0.85%,2.55%,-4.54%,-5.81%,-6.56%,4.44%,-2.68%,8.68%,6.47%
GOOG,12/31/2019,-4.97%,0.08%,6.38%,-1.15%,-4.21%,1.58%,0.50%,-5.49%,0.00%,0.71%
GOOG,9/30/2019,-1.79%,0.17%,6.33%,-0.71%,1.15%,7.91%,6.98%,0.70%,1.55%,0.44%
GOOG,6/30/2019,-0.17%,0.35%,7.25%,0.23%,0.38%,11.69%,7.74%,1.15%,4.52%,2.11%
GOOG,3/31/2019,-3.85%,0.64%,10.03%,2.98%,2.84%,4.74%,10.53%,4.51%,-1.66%,-0.74%
GOOG,12/31/2018,1.13%,0.50%,8.68%,1.51%,-0.28%,-1.82%,6.53%,0.66%,-3.11%,-0.05%
GOOG,9/30/2018,3.33%,0.71%,9.95%,2.29%,2.63%,8.49%,22.21%,3.81%,-0.53%,2.90%
GOOG,6/30/2018,-2.34%,0.43%,8.64%,1.51%,2.74%,7.87%,4.23%,4.23%,-1.31%,4.68%
GOOG,3/31/2018,7.19%,-0.04%,9.22%,2.67%,4.14%,4.13%,5.24%,5.24%,6.95%,8.47%
GOOG,12/31/2017,6.91%,0.03%,9.57%,2.10%,6.10%,2.50%,27.63%,5.27%,7.10%,7.92%
GOOG,9/30/2017,1.41%,-0.04%,10.75%,2.74%,4.31%,9.12%,5.65%,5.65%,9.92%,8.66%
GOOG,6/30/2017,0.93%,0.23%,10.81%,3.89%,5.14%,10.18%,6.40%,6.40%,2.11%,4.36%
GOOG,3/31/2017,3.79%,0.07%,10.80%,3.74%,4.07%,6.72%,6.48%,6.48%,456.60%,3.53%
GOOG,12/31/2016,-3.97%,0.13%,9.93%,2.58%,-2.04%,1.86%,21.20%,-2.15%,5.95%,7.61%
GOOG,9/30/2016,-5.77%,0.14%,8.56%,1.16%,2.66%,9.61%,4.51%,4.51%,442.80%,8.54%
GOOG,6/30/2016,5.96%,-0.06%,11.92%,4.87%,4.99%,15.31%,7.81%,7.81%,575.79%,13.27%
GOOG,3/31/2016,11.26%,1.58%,13.63%,6.50%,6.50%,6.99%,10.20%,10.20%,28.70%,14.84%
GOOG,12/31/2015,12.21%,3.12%,9.47%,1.12%,4.64%,0.77%,25.10%,5.25%,646.61%,11.48%
GOOG,9/30/2015,9.23%,2.30%,13.18%,6.92%,5.75%,12.14%,9.17%,9.17%,10.26%,6.07%
GOOG,6/30/2015,-0.40%,0.53%,13.93%,7.11%,5.80%,9.33%,9.33%,9.33%,11.44%,4.06%
GOOG,3/31/2015,-5.51%,-0.70%,13.89%,3.67%,3.40%,1.81%,5.73%,5.73%,-4.74%,4.93%
GOOG,12/31/2014,-4.52%,-2.43%,-3.67%,-7.88%,-5.31%,0.04%,12.27%,-8.32%,-25.65%,3.91%
GOOG,9/30/2014,-2.39%,-1.55%,11.39%,1.41%,2.39%,9.99%,3.51%,3.51%,-9.71%,7.75%
GOOG,6/30/2014,-1.35%,0.59%,14.37%,5.08%,3.50%,7.59%,6.20%,6.20%,-13.39%,10.06%
GOOG,3/31/2014,0.64%,3.21%,11.53%,2.14%,2.76%,1.96%,4.09%,4.09%,-6.06%,8.99%
INTC,12/31/2022,-31.60%,0.73%,39.17%,-8.06%,-4.73%,12.80%,16.65%,-6.76%,-3.13%,10.37%
INTC,10/1/2022,-20.08%,0.95%,42.61%,-1.14%,6.64%,-40.87%,19.08%,-2.13%,-34.87%,-1.94%
INTC,7/2/2022,-21.96%,0.39%,36.47%,-4.57%,-2.96%,-41.99%,15.39%,-5.16%,8.80%,0.06%
INTC,4/2/2022,-6.71%,0.27%,50.37%,23.65%,44.21%,7.01%,65.45%,47.21%,72.77%,3.80%
INTC,12/25/2021,2.75%,-0.68%,53.63%,24.30%,22.52%,-10.86%,41.03%,26.05%,22.42%,4.67%
INTC,9/25/2021,4.69%,-2.97%,55.99%,27.24%,35.55%,28.46%,51.55%,36.13%,89.75%,10.23%
INTC,6/26/2021,-0.49%,-4.67%,57.08%,28.25%,25.78%,25.13%,44.31%,29.75%,-3.71%,-7.66%
INTC,3/27/2021,-0.78%,-5.01%,55.17%,18.78%,17.08%,4.88%,35.40%,20.65%,7.66%,-10.11%
INTC,12/26/2020,-1.14%,-5.72%,56.80%,29.45%,29.32%,31.58%,52.95%,37.92%,82.08%,25.52%
INTC,9/26/2020,-4.47%,-5.01%,53.13%,27.60%,23.32%,24.34%,44.94%,27.90%,51.79%,26.48%
INTC,6/27/2020,19.53%,-5.28%,53.26%,28.88%,25.88%,39.28%,45.76%,30.23%,116.13%,33.08%
INTC,3/28/2020,23.45%,-5.52%,60.60%,35.50%,28.55%,14.58%,50.32%,34.94%,72.88%,40.13%
INTC,12/28/2019,8.32%,-5.39%,58.78%,33.63%,34.17%,25.84%,51.37%,36.69%,12.64%,10.02%
INTC,9/28/2019,0.14%,-4.63%,58.86%,33.60%,31.21%,31.47%,49.21%,35.25%,-8.80%,3.71%
INTC,6/29/2019,-2.69%,-4.72%,59.85%,27.97%,25.32%,24.44%,44.48%,29.00%,-2.30%,2.39%
INTC,3/30/2019,-0.03%,-4.72%,56.59%,25.99%,24.74%,10.20%,45.03%,28.69%,-25.71%,-0.44%
INTC,12/29/2018,9.41%,-3.61%,60.18%,33.36%,27.84%,16.13%,44.10%,30.73%,-16.80%,-1.69%
INTC,9/29/2018,18.66%,-3.59%,64.50%,38.35%,33.39%,26.01%,49.83%,37.96%,-24.67%,-11.90%
INTC,6/30/2018,14.90%,-2.02%,61.43%,31.09%,29.51%,17.00%,42.40%,29.89%,-52.85%,-12.02%
INTC,3/31/2018,8.58%,-1.86%,60.57%,27.82%,27.72%,21.00%,45.49%,31.82%,-6.35%,11.11%
INTC,12/30/2017,4.15%,-1.86%,63.20%,31.87%,-4.03%,18.60%,51.52%,38.97%,-18.11%,6.05%
INTC,9/30/2017,2.35%,-1.15%,62.32%,31.83%,27.96%,20.34%,49.80%,37.07%,-1.49%,14.57%
INTC,7/1/2017,9.09%,-0.43%,61.61%,26.02%,19.02%,13.07%,41.81%,28.34%,46.58%,11.78%
INTC,4/1/2017,7.98%,0.12%,61.91%,24.55%,20.03%,13.15%,39.40%,26.25%,14.60%,1.51%
INTC,12/31/2016,9.79%,0.16%,61.97%,29.22%,21.75%,28.22%,41.12%,29.33%,-32.45%,11.53%
INTC,10/1/2016,9.08%,0.02%,63.27%,28.28%,21.41%,20.88%,40.42%,28.20%,-14.75%,30.34%
INTC,7/2/2016,2.56%,-0.88%,58.92%,9.74%,9.83%,11.52%,27.44%,13.27%,27.53%,116.21%
INTC,4/2/2016,7.21%,-0.79%,59.33%,18.74%,14.93%,19.77%,33.61%,18.90%,6.89%,91.71%
INTC,12/26/2015,1.31%,-1.28%,64.30%,28.83%,24.23%,20.79%,43.34%,28.95%,80.11%,66.02%
INTC,9/26/2015,-0.61%,-3.35%,62.99%,28.98%,21.49%,31.31%,45.85%,30.12%,33.66%,59.70%
INTC,6/27/2015,-4.60%,-4.18%,62.51%,21.95%,20.51%,12.68%,39.31%,22.71%,-19.88%,0.30%
INTC,3/28/2015,0.13%,-3.97%,60.48%,20.46%,15.59%,18.70%,37.13%,20.71%,-25.87%,0.19%
INTC,12/27/2014,6.41%,-3.21%,65.36%,30.25%,24.87%,24.65%,46.60%,31.83%,-30.03%,1.55%
INTC,9/27/2014,7.94%,-1.08%,64.99%,31.19%,22.79%,22.32%,46.54%,31.43%,-18.55%,-1.78%
INTC,6/28/2014,7.96%,0.33%,64.47%,27.79%,20.22%,18.98%,44.17%,28.48%,-0.22%,-1.63%
INTC,3/29/2014,1.46%,0.73%,59.64%,19.66%,15.12%,6.36%,35.76%,20.04%,11.56%,-0.17%
JPM,12/31/2022,18.08%,-0.47%,100.00%,44.94%,30.67%,293.00%,41.96%,37.13%,-23.43%,-1.17%
JPM,9/30/2022,10.35%,-1.32%,100.00%,41.38%,28.29%,-55.64%,40.62%,35.21%,-15.22%,-4.72%
JPM,6/30/2022,0.77%,-2.49%,100.00%,38.96%,26.68%,214.94%,39.72%,33.90%,-5.13%,-4.68%
JPM,3/31/2022,-4.80%,-3.18%,100.00%,37.52%,25.54%,-136.46%,37.26%,31.34%,6.11%,-9.98%
JPM,12/31/2021,-0.27%,-3.37%,100.00%,38.86%,33.93%,290.85%,48.25%,41.65%,40.41%,1.26%
JPM,9/30/2021,1.34%,-2.52%,100.00%,42.45%,37.88%,78.70%,52.56%,46.05%,55.86%,8.28%
JPM,6/30/2021,-7.85%,-1.27%,100.00%,42.04%,37.72%,44.39%,54.62%,48.05%,42.88%,-0.56%
JPM,3/31/2021,14.07%,-0.70%,100.00%,41.97%,42.93%,-135.97%,59.87%,53.46%,93.47%,9.23%
JPM,12/31/2020,2.55%,-1.98%,100.00%,45.29%,39.88%,-95.63%,57.49%,50.24%,100.13%,5.04%
JPM,9/30/2020,-0.12%,-3.88%,100.00%,42.32%,30.82%,-50.21%,46.08%,38.77%,90.00%,-5.99%
JPM,6/30/2020,15.06%,-5.48%,100.00%,48.78%,12.89%,250.70%,22.33%,15.84%,84.20%,9.12%
JPM,3/31/2020,-2.87%,-6.27%,100.00%,40.64%,8.59%,-424.55%,17.58%,9.81%,21.46%,-0.07%
JPM,12/31/2019,10.61%,-5.97%,100.00%,43.04%,28.28%,289.49%,44.03%,36.56%,-5.44%,-3.29%
JPM,9/30/2019,7.45%,-5.51%,100.00%,44.11%,29.38%,54.68%,44.64%,37.32%,-38.77%,14.87%
JPM,6/30/2019,3.58%,-5.10%,100.00%,43.45%,31.98%,-48.19%,44.97%,37.85%,-33.85%,7.44%
JPM,3/31/2019,4.36%,-4.92%,100.00%,43.70%,30.06%,-277.72%,44.11%,37.11%,-27.05%,13.30%
JPM,12/31/2018,5.75%,-4.80%,100.00%,40.17%,25.68%,7.15%,40.57%,32.54%,-35.36%,7.85%
JPM,9/30/2018,6.58%,-4.64%,100.00%,42.69%,29.16%,48.38%,44.93%,37.63%,-8.45%,0.86%
JPM,6/30/2018,7.86%,-4.57%,100.00%,42.45%,28.39%,128.58%,43.47%,36.52%,-9.79%,0.11%
JPM,3/31/2018,11.90%,-4.16%,100.00%,42.38%,29.52%,-125.81%,42.95%,36.51%,-9.90%,0.81%
JPM,12/31/2017,0.74%,-3.57%,100.00%,39.10%,15.46%,51.33%,38.58%,31.90%,10.69%,-0.11%
JPM,9/30/2017,3.67%,-3.00%,100.00%,43.04%,24.48%,-19.14%,41.70%,35.52%,9.63%,-0.53%
JPM,6/30/2017,5.54%,-2.89%,100.00%,42.61%,25.48%,15.83%,41.89%,36.05%,22.96%,2.57%
JPM,3/31/2017,7.32%,-2.87%,100.00%,38.72%,23.96%,-90.46%,37.42%,31.55%,21.67%,4.73%
JPM,12/31/2016,6.08%,-5.72%,100.00%,39.31%,25.74%,167.23%,39.74%,33.79%,8.08%,3.63%
JPM,9/30/2016,8.31%,-1.50%,100.00%,41.38%,23.56%,16.99%,40.01%,34.31%,5.07%,-1.05%
JPM,6/30/2016,2.39%,-1.00%,100.00%,44.06%,23.49%,-6.25%,41.85%,36.37%,-13.62%,-7.59%
JPM,3/31/2016,-3.44%,-0.53%,100.00%,40.46%,21.71%,-92.01%,36.12%,30.57%,-28.49%,-12.98%
JPM,12/31/2015,0.59%,2.73%,100.00%,37.68%,22.52%,70.64%,36.54%,30.98%,-29.63%,-15.41%
JPM,9/30/2015,-6.90%,-1.67%,100.00%,32.54%,27.52%,110.29%,32.68%,27.20%,-9.60%,-7.01%
JPM,6/30/2015,-3.51%,-1.81%,100.00%,39.11%,24.26%,72.64%,38.22%,33.02%,0.35%,-7.71%
JPM,3/31/2015,3.67%,-1.73%,100.00%,38.16%,22.65%,61.83%,37.16%,32.25%,32.68%,-3.91%
JPM,12/31/2014,-4.88%,-0.84%,100.00%,32.27%,19.73%,126.36%,31.85%,26.63%,43.98%,5.64%
JPM,9/30/2014,5.85%,0.58%,100.00%,35.44%,20.96%,-10.01%,35.24%,30.56%,9.34%,-1.23%
JPM,6/30/2014,-2.11%,-0.05%,100.00%,37.47%,22.56%,-17.71%,37.93%,33.00%,23.76%,-4.44%
JPM,3/31/2014,-7.59%,-0.61%,100.00%,36.95%,21.08%,63.18%,36.88%,31.67%,31.57%,-2.97%
MSFT,12/31/2022,1.97%,-1.09%,66.85%,38.67%,31.14%,9.29%,46.40%,39.49%,-20.63%,-6.12%
MSFT,9/30/2022,10.60%,-1.08%,69.17%,42.93%,35.03%,33.75%,49.60%,44.04%,-17.88%,-4.82%
MSFT,6/30/2022,12.38%,-1.02%,68.32%,39.59%,32.28%,34.24%,48.13%,40.46%,-19.62%,-9.60%
MSFT,3/31/2022,18.35%,-0.83%,68.37%,41.26%,33.89%,40.61%,49.57%,41.92%,-16.52%,-8.98%
MSFT,12/31/2021,20.09%,-0.80%,67.21%,43.01%,36.28%,16.65%,51.30%,44.54%,-5.00%,-7.73%
MSFT,9/30/2021,21.97%,-0.92%,69.89%,44.66%,45.25%,41.33%,53.57%,46.48%,-5.34%,-11.17%
MSFT,6/30/2021,21.35%,-0.94%,69.68%,41.37%,35.66%,35.23%,50.49%,43.24%,-4.54%,-4.54%
MSFT,3/31/2021,19.09%,-1.02%,68.72%,40.88%,37.06%,40.98%,49.88%,42.85%,-8.88%,-8.84%
MSFT,12/31/2020,16.72%,-0.98%,67.05%,41.55%,35.90%,19.37%,50.30%,43.89%,-1.70%,-9.61%
MSFT,9/30/2020,12.40%,-0.95%,70.39%,42.73%,37.39%,38.83%,52.10%,44.98%,0.98%,-6.37%
MSFT,6/30/2020,12.80%,-1.06%,67.56%,35.25%,29.45%,36.62%,46.31%,37.09%,2.02%,-9.40%
MSFT,3/31/2020,14.56%,-0.89%,68.66%,37.05%,30.70%,39.23%,47.33%,38.43%,4.56%,-6.59%
MSFT,12/31/2019,13.66%,-0.99%,66.51%,37.64%,31.56%,19.33%,48.62%,39.94%,5.16%,-2.63%
MSFT,9/30/2019,13.65%,-0.72%,68.52%,38.38%,32.30%,31.56%,49.29%,40.31%,0.56%,-7.00%
MSFT,6/30/2019,12.07%,-0.60%,69.12%,36.79%,39.11%,35.76%,48.01%,39.34%,0.04%,-4.21%
MSFT,3/31/2019,13.99%,-0.64%,66.73%,33.83%,28.81%,35.83%,46.07%,36.50%,-0.49%,-4.63%
MSFT,12/31/2018,12.29%,0.75%,61.74%,31.59%,25.93%,15.99%,43.28%,34.05%,-10.59%,-16.91%
MSFT,9/30/2018,18.53%,-0.42%,65.94%,34.23%,30.34%,34.57%,47.21%,37.46%,-1.87%,-10.26%
MSFT,6/30/2018,17.50%,-0.33%,67.62%,34.50%,29.49%,24.72%,46.10%,37.73%,0.59%,-10.66%
MSFT,3/31/2018,15.54%,-0.24%,65.44%,30.92%,27.68%,34.37%,44.90%,34.80%,4.96%,-1.31%
MSFT,12/31/2017,11.97%,-1.53%,61.74%,30.01%,-21.79%,18.29%,42.89%,34.12%,16.29%,11.69%
MSFT,9/30/2017,11.90%,-0.98%,66.26%,31.41%,26.80%,42.01%,45.46%,35.28%,1.12%,22.16%
MSFT,6/30/2017,-3.19%,-1.53%,66.98%,30.00%,31.51%,34.06%,42.79%,33.64%,17.43%,71.28%
MSFT,3/31/2017,13.06%,-2.15%,65.28%,28.96%,23.63%,38.62%,43.75%,33.19%,19.39%,81.08%
MSFT,12/31/2016,8.53%,-2.75%,61.66%,30.61%,24.27%,16.67%,41.47%,33.08%,19.62%,91.25%
MSFT,9/30/2016,7.60%,-2.57%,64.23%,30.62%,25.84%,42.80%,41.41%,33.13%,37.82%,93.66%
MSFT,6/30/2016,19.24%,-2.56%,69.83%,33.94%,25.95%,21.96%,43.44%,36.22%,17.32%,51.48%
MSFT,3/31/2016,-5.51%,-3.06%,62.39%,25.73%,18.29%,39.25%,34.50%,26.18%,10.60%,45.58%
MSFT,12/31/2015,-10.10%,-2.96%,58.51%,25.32%,21.09%,15.10%,32.39%,25.90%,13.73%,56.95%
MSFT,9/30/2015,-12.16%,-3.20%,64.64%,28.43%,24.05%,36.90%,35.44%,28.27%,11.39%,62.59%
MSFT,6/30/2015,-5.14%,-2.70%,66.33%,-9.26%,-14.40%,22.85%,-0.07%,-6.80%,12.62%,55.85%
MSFT,3/31/2015,6.50%,-1.55%,67.04%,30.35%,22.94%,37.78%,37.94%,30.96%,7.93%,40.52%
MSFT,12/31/2014,7.96%,-1.17%,61.71%,29.38%,22.15%,10.77%,36.01%,30.27%,7.51%,23.21%
MSFT,9/30/2014,25.21%,-0.98%,64.34%,25.19%,19.57%,30.48%,32.26%,26.11%,10.56%,48.88%
MSFT,6/30/2014,17.52%,-1.19%,67.36%,27.72%,19.72%,36.16%,36.30%,28.85%,11.28%,45.16%
MSFT,3/31/2014,-0.42%,-0.74%,70.70%,34.18%,27.74%,43.66%,41.11%,34.96%,18.72%,59.77%
MS,12/31/2022,-12.22%,-6.00%,100.00%,22.60%,16.57%,-115.82%,31.15%,21.68%,0.31%,1.25%
MS,9/30/2022,-11.98%,-6.35%,100.00%,26.36%,19.21%,-64.76%,33.00%,25.86%,0.31%,1.25%
MS,6/30/2022,-11.02%,-6.41%,100.00%,26.04%,18.21%,107.48%,31.98%,24.96%,0.31%,1.25%
MS,3/31/2022,-5.84%,-3.47%,100.00%,31.38%,23.93%,-2.79%,37.03%,30.67%,0.31%,1.25%
MS,12/31/2021,6.82%,-0.94%,100.00%,33.66%,24.73%,-2.07%,42.01%,33.49%,20.89%,4.39%
MS,9/30/2021,25.87%,15.71%,100.00%,33.20%,24.29%,10.23%,39.94%,32.92%,20.89%,4.39%
MS,6/30/2021,8.05%,18.24%,100.00%,31.43%,23.09%,27.79%,38.09%,30.93%,20.89%,4.39%
MS,3/31/2021,60.74%,15.58%,100.00%,33.37%,25.33%,167.66%,39.33%,33.69%,20.89%,4.39%
MS,12/31/2020,23.88%,12.49%,100.00%,32.61%,24.02%,-190.70%,42.72%,32.38%,28.58%,12.36%
MS,9/30/2020,16.84%,-3.75%,100.00%,30.70%,22.16%,-59.64%,36.74%,29.46%,28.58%,12.36%
MS,6/30/2020,33.35%,-5.92%,100.00%,33.63%,22.31%,-126.19%,36.61%,31.59%,28.58%,12.36%
MS,3/31/2020,-4.93%,-6.20%,100.00%,26.11%,16.26%,240.13%,29.53%,21.11%,28.58%,12.36%
MS,12/31/2019,28.40%,-6.10%,100.00%,26.37%,19.00%,-4.57%,30.28%,24.30%,-5.76%,4.12%
MS,9/30/2019,1.62%,-5.79%,100.00%,27.01%,20.53%,128.44%,33.08%,26.56%,-5.76%,4.12%
MS,6/30/2019,-3.45%,-5.32%,100.00%,28.34%,19.83%,98.13%,34.49%,27.90%,-5.76%,4.12%
MS,3/31/2019,-7.14%,-5.31%,100.00%,28.73%,22.71%,160.53%,34.75%,28.35%,-5.92%,1.02%
MS,12/31/2018,-10.02%,-4.96%,100.00%,21.72%,15.92%,-89.88%,26.91%,21.42%,8.46%,-2.32%
MS,9/30/2018,7.34%,-5.01%,100.00%,28.88%,20.45%,142.95%,33.18%,28.44%,80.94%,-3.81%
MS,6/30/2018,11.65%,-4.48%,100.00%,29.30%,21.37%,-124.67%,33.87%,29.00%,95.25%,-1.26%
MS,3/31/2018,13.67%,-3.85%,100.00%,30.87%,23.25%,110.48%,34.05%,30.53%,103.82%,10.54%
MS,12/31/2017,5.31%,-3.24%,100.00%,26.01%,4.98%,37.81%,30.17%,25.82%,3.92%,15.28%
MS,9/30/2017,3.23%,-3.25%,100.00%,26.99%,18.35%,56.06%,31.85%,26.94%,13.25%,18.53%
MS,6/30/2017,6.67%,-3.63%,100.00%,27.80%,16.70%,-153.87%,32.18%,27.39%,-20.44%,15.72%
MS,3/31/2017,25.06%,-3.81%,100.00%,28.81%,18.88%,-2.67%,32.62%,28.17%,-20.11%,7.18%
MS,12/31/2016,16.58%,-4.33%,100.00%,24.90%,16.73%,-31.23%,28.94%,24.74%,43.04%,6.91%
MS,9/30/2016,14.70%,-3.59%,100.00%,26.73%,17.04%,-98.09%,31.70%,26.33%,-52.23%,1.25%
MS,6/30/2016,-8.56%,-3.11%,100.00%,27.87%,16.00%,132.46%,32.32%,27.11%,-29.84%,0.79%
MS,3/31/2016,-21.35%,-2.45%,100.00%,22.30%,13.54%,49.56%,27.30%,21.97%,-33.48%,1.52%
MS,12/31/2015,-0.33%,-1.81%,100.00%,18.60%,9.73%,39.95%,23.44%,18.14%,-38.26%,-1.03%
MS,9/30/2015,-12.80%,-1.11%,100.00%,18.98%,12.09%,1.88%,23.30%,18.55%,-11.75%,3.83%
MS,6/30/2015,13.19%,-0.49%,100.00%,27.99%,17.09%,44.15%,31.14%,27.72%,-6.53%,4.61%
MS,3/31/2015,10.13%,-0.34%,100.00%,28.82%,23.36%,-135.01%,31.31%,28.07%,-18.61%,1.18%
MS,12/31/2014,-1.03%,0.21%,100.00%,-37.75%,-22.49%,-90.98%,-33.10%,-38.42%,-11.60%,-1.66%
MS,9/30/2014,11.95%,0.31%,100.00%,24.92%,18.29%,19.58%,25.73%,24.21%,6.05%,-4.88%
MS,6/30/2014,1.09%,0.94%,100.00%,22.44%,21.14%,7.33%,25.56%,22.24%,3.68%,-6.70%
MS,3/31/2014,10.38%,1.51%,100.00%,26.35%,16.11%,53.17%,29.08%,25.46%,33.50%,-8.30%
NVDA,10/30/2022,-16.50%,-1.54%,53.57%,10.13%,11.47%,-2.33%,18.28%,11.43%,-31.89%,0.52%
NVDA,7/31/2022,3.03%,-0.63%,43.48%,7.44%,9.79%,12.49%,13.69%,8.05%,-13.32%,-7.64%
NVDA,5/1/2022,46.41%,0.36%,65.53%,22.54%,19.52%,16.53%,26.63%,22.60%,60.56%,53.87%
NVDA,1/30/2022,52.77%,0.63%,65.41%,38.86%,39.29%,36.11%,42.33%,38.28%,83.44%,53.84%
NVDA,10/31/2021,50.30%,0.71%,65.20%,37.60%,34.69%,18.26%,42.21%,38.01%,90.33%,54.49%
NVDA,8/1/2021,68.31%,1.12%,64.78%,37.56%,36.48%,38.40%,42.11%,37.71%,78.98%,67.20%
NVDA,5/2/2021,83.80%,1.61%,64.11%,34.55%,33.77%,27.84%,42.01%,37.04%,-22.54%,1.67%
NVDA,1/31/2021,61.13%,1.77%,63.08%,30.12%,29.12%,35.66%,36.20%,30.44%,6.09%,197.69%
NVDA,10/25/2020,56.80%,1.94%,62.63%,29.58%,28.27%,17.05%,35.97%,29.64%,3.79%,207.65%
NVDA,7/26/2020,49.90%,1.62%,58.85%,16.84%,16.09%,34.92%,27.60%,17.15%,29.57%,206.27%
NVDA,4/26/2020,38.74%,0.97%,65.06%,31.69%,29.77%,24.48%,36.14%,32.66%,109.61%,202.26%
NVDA,1/26/2020,40.82%,-0.16%,64.90%,31.88%,30.63%,42.51%,36.55%,33.14%,46.82%,28.37%
NVDA,10/27/2019,-5.25%,-1.12%,63.57%,30.76%,29.83%,51.00%,35.30%,32.25%,28.69%,23.57%
NVDA,7/28/2019,-17.42%,-1.60%,59.75%,22.14%,21.40%,31.91%,27.57%,24.00%,6.70%,23.54%
NVDA,4/28/2019,-30.78%,-1.75%,58.38%,16.13%,17.75%,26.67%,22.21%,18.11%,6.88%,23.70%
NVDA,1/27/2019,-24.25%,-1.11%,54.74%,13.33%,25.67%,31.52%,18.87%,15.33%,4.42%,-0.60%
NVDA,10/28/2018,20.68%,-0.48%,60.39%,33.26%,38.67%,10.59%,36.59%,34.45%,20.11%,-1.00%
NVDA,7/29/2018,40.04%,-1.11%,63.24%,37.05%,35.25%,25.10%,40.12%,38.23%,35.15%,-3.47%
NVDA,4/29/2018,65.57%,-2.18%,64.48%,40.38%,38.79%,41.38%,43.12%,41.35%,17.63%,-9.50%
NVDA,1/28/2018,33.96%,-8.58%,61.87%,36.86%,38.44%,32.43%,39.44%,37.58%,4.56%,-28.83%
NVDA,10/29/2017,31.54%,-3.83%,59.52%,33.95%,31.79%,41.27%,36.42%,34.56%,-5.26%,-33.99%
NVDA,7/30/2017,56.16%,-0.16%,58.39%,30.85%,26.14%,29.19%,33.54%,31.35%,20.46%,37.47%
NVDA,4/30/2017,48.43%,7.01%,59.37%,28.60%,26.17%,11.77%,30.92%,28.50%,30.54%,46.45%
NVDA,1/29/2017,55.10%,17.21%,59.96%,33.73%,30.10%,30.88%,36.40%,34.24%,34.96%,86.09%
NVDA,10/30/2016,53.56%,15.58%,59.03%,31.89%,27.05%,19.66%,34.18%,31.79%,41.10%,114.89%
NVDA,7/31/2016,23.85%,14.03%,57.84%,22.20%,18.28%,12.18%,26.33%,23.04%,8.30%,6.87%
NVDA,5/1/2016,13.38%,5.46%,57.55%,18.77%,15.94%,20.23%,22.84%,19.39%,-0.79%,7.48%
NVDA,1/31/2016,11.99%,5.96%,56.46%,17.99%,14.85%,35.40%,22.27%,18.99%,8.96%,8.01%
NVDA,10/25/2015,6.53%,1.25%,56.25%,18.77%,18.85%,18.62%,23.37%,19.69%,11.49%,1.78%
NVDA,7/26/2015,4.53%,-2.63%,54.99%,6.59%,2.25%,12.23%,11.54%,7.29%,2.71%,1.80%
NVDA,4/26/2015,4.35%,-0.35%,56.73%,15.29%,11.64%,18.77%,20.68%,15.99%,10.22%,1.74%
NVDA,1/25/2015,9.35%,-4.43%,55.88%,18.47%,15.51%,32.93%,23.42%,19.10%,-1.04%,1.76%
NVDA,10/26/2014,16.23%,-5.22%,55.18%,17.39%,14.12%,14.45%,22.45%,17.96%,39.82%,8082.40%
NVDA,7/27/2014,12.87%,-3.55%,56.12%,14.78%,11.60%,6.62%,20.22%,15.14%,49.39%,7737.66%
NVDA,4/27/2014,15.53%,-7.96%,54.76%,13.69%,12.42%,12.96%,20.76%,15.78%,17.09%,7427.19%
TSLA,12/31/2022,37.24%,3.84%,23.76%,16.04%,15.16%,5.84%,20.50%,16.43%,25.29%,-54.65%
TSLA,9/30/2022,55.95%,5.11%,25.09%,17.19%,15.34%,15.37%,21.47%,17.01%,31.14%,-56.43%
TSLA,6/30/2022,41.61%,6.80%,25.00%,14.55%,13.34%,3.67%,20.26%,14.81%,16.55%,-52.88%
TSLA,3/31/2022,80.54%,7.63%,29.11%,19.21%,17.69%,11.85%,24.55%,19.86%,5.09%,-55.74%
TSLA,12/31/2021,64.92%,6.81%,27.35%,14.75%,13.10%,15.64%,19.93%,15.15%,-8.65%,-41.78%
TSLA,9/30/2021,56.85%,6.47%,26.60%,14.57%,11.76%,9.61%,19.83%,14.30%,10.76%,-40.62%
TSLA,6/30/2021,98.11%,4.63%,24.12%,10.97%,9.55%,5.09%,16.83%,11.14%,88.38%,-33.51%
TSLA,3/31/2021,73.58%,5.03%,21.32%,5.72%,4.22%,2.70%,11.81%,5.83%,112.14%,-22.03%
TSLA,12/31/2020,45.50%,5.28%,19.23%,5.35%,2.51%,17.27%,11.33%,5.58%,209.25%,-12.52%
TSLA,9/30/2020,39.16%,4.46%,23.52%,9.22%,3.77%,15.72%,14.41%,7.75%,160.83%,2.92%
TSLA,6/30/2020,-4.94%,4.86%,20.99%,5.42%,1.72%,6.59%,14.28%,4.89%,69.49%,8.55%
TSLA,3/31/2020,31.80%,5.78%,20.62%,4.73%,0.27%,-15.39%,12.36%,3.12%,246.91%,21.31%
TSLA,12/31/2019,2.19%,4.64%,18.84%,4.86%,1.42%,13.22%,12.11%,4.29%,61.59%,12.09%
TSLA,9/30/2019,-7.63%,4.91%,18.90%,4.14%,2.27%,5.49%,14.03%,5.62%,78.21%,13.28%
TSLA,6/30/2019,58.66%,4.12%,14.50%,-2.63%,-6.43%,9.39%,5.70%,-3.42%,113.27%,12.13%
TSLA,3/31/2019,33.22%,2.28%,12.46%,-11.50%,-15.46%,-20.81%,-1.17%,-11.47%,-16.40%,6.80%
TSLA,12/31/2018,119.74%,1.83%,19.97%,5.73%,1.94%,12.19%,11.54%,4.66%,10.10%,16.06%
TSLA,9/30/2018,128.63%,2.22%,22.33%,6.10%,4.56%,12.19%,14.73%,7.37%,-14.78%,17.69%
TSLA,6/30/2018,43.47%,2.90%,15.46%,-15.53%,-17.93%,-20.16%,-1.37%,-13.50%,-24.44%,46.24%
TSLA,3/31/2018,26.42%,4.33%,13.39%,-17.51%,-20.82%,-33.06%,-4.05%,-16.26%,-31.98%,31.73%
TSLA,12/31/2017,43.94%,9.16%,13.36%,-18.19%,-20.55%,-12.05%,-2.09%,-16.37%,0.70%,44.70%
TSLA,9/30/2017,29.86%,12.28%,15.05%,-17.94%,-20.75%,-51.77%,-3.42%,-16.84%,14.67%,268.58%
TSLA,6/30/2017,119.65%,18.02%,23.90%,-8.64%,-12.06%,-48.68%,6.34%,-7.61%,-5.63%,141.89%
TSLA,3/31/2017,135.06%,22.20%,24.77%,-9.55%,-12.25%,-31.24%,6.34%,-7.63%,170.59%,158.35%
TSLA,12/31/2016,88.13%,18.28%,19.05%,-11.67%,-5.31%,-49.44%,12.33%,-1.98%,186.89%,164.38%
TSLA,9/30/2016,145.35%,15.49%,27.70%,3.73%,0.95%,7.66%,15.54%,3.34%,116.50%,1.35%
TSLA,6/30/2016,32.99%,10.49%,21.64%,-18.74%,-23.09%,-11.37%,-4.72%,-19.15%,180.63%,22.18%
TSLA,3/31/2016,22.04%,5.34%,22.01%,-21.64%,-24.61%,-40.67%,-7.09%,-20.73%,-2.01%,22.35%
TSLA,12/31/2015,26.94%,4.48%,18.00%,-21.44%,-26.38%,-36.32%,-10.95%,-22.79%,-36.98%,8.37%
TSLA,9/30/2015,9.98%,3.28%,24.71%,-19.61%,-24.54%,-63.59%,-9.44%,-21.22%,-38.36%,8.53%
TSLA,6/30/2015,24.13%,1.96%,22.34%,-17.82%,-19.29%,-59.13%,-6.84%,-16.41%,-55.79%,9.68%
TSLA,3/31/2015,51.46%,2.00%,27.67%,-10.90%,-16.40%,-59.35%,-5.05%,-13.25%,-40.39%,17.44%
TSLA,12/31/2014,55.50%,2.17%,27.36%,-7.82%,-11.25%,-47.57%,-0.76%,-7.86%,126.23%,309.98%
TSLA,9/30/2014,97.48%,2.50%,29.57%,-4.59%,-8.77%,-36.65%,2.71%,-4.92%,197.97%,264.72%
TSLA,6/30/2014,89.90%,5.12%,27.69%,-3.74%,-8.05%,-23.05%,3.28%,-3.84%,257.05%,312.78%
TSLA,3/31/2014,10.46%,-0.64%,25.00%,-7.09%,-8.03%,-13.32%,1.15%,-5.98%,997.12%,383.11%
SPY,12/31/2022,0.054855556,0.026411111,0.519544444,0.164055556,0.131022222,0.273322222,0.251133333,0.155122222,-0.004377778,0.327011111
SPY,10/30/2022,-0.165,-0.0154,0.5357,0.1013,0.1147,-0.0233,0.1828,0.1143,-0.3189,0.0052
SPY,10/1/2022,-0.2008,0.0095,0.4261,-0.0114,0.0664,-0.4087,0.1908,-0.0213,-0.3487,-0.0194
SPY,9/30/2022,0.150016667,-0.006333333,0.579133333,0.21855,0.163383333,-0.114766667,0.2644,0.205233333,-0.056083333,-0.1056
SPY,9/24/2022,0.18585,0.145,0.4228,0.13235,0.1209,0.19125,0.26055,0.13795,0.2186,1.96415
SPY,7/31/2022,0.0303,-0.0063,0.4348,0.0744,0.0979,0.1249,0.1369,0.0805,-0.1332,-0.0764
SPY,7/2/2022,-0.2196,0.0039,0.3647,-0.0457,-0.0296,-0.4199,0.1539,-0.0516,0.088,0.0006
SPY,6/30/2022,0.168633333,-0.006,0.58755,0.215033333,0.150833333,0.598683333,0.256633333,0.19205,-0.08485,-0.102216667
SPY,6/25/2022,0.36,0.14685,0.44745,0.17925,0.1513,0.19445,0.2921,0.1835,0.2529,2.3838
SPY,5/1/2022,0.4641,0.0036,0.6553,0.2254,0.1952,0.1653,0.2663,0.226,0.6056,0.5387
SPY,4/2/2022,-0.0671,0.0027,0.5037,0.2365,0.4421,0.0701,0.6545,0.4721,0.7277,0.038
SPY,3/31/2022,0.151183333,-0.001533333,0.587016667,0.227366667,0.147883333,-0.180183333,0.24555,0.182383333,-0.048533333,-0.085416667
SPY,3/26/2022,0.3974,0.05715,0.4581,0.23485,0.1953,0.21035,0.30335,0.2359,0.51965,1.4505
SPY,1/30/2022,0.5277,0.0063,0.6541,0.3886,0.3929,0.3611,0.4233,0.3828,0.8344,0.5384
SPY,12/31/2021,0.176333333,0.010566667,0.574766667,0.2246,0.251766667,0.549716667,0.359633333,0.295016667,0.083983333,-0.0342
SPY,12/25/2021,0.209133333,-0.008566667,0.4922,0.275933333,0.235466667,0.1334,0.3497,0.283233333,0.278533333,0.129166667
SPY,10/31/2021,0.503,0.0071,0.652,0.376,0.3469,0.1826,0.4221,0.3801,0.9033,0.5449
SPY,9/30/2021,0.194066667,0.033633333,0.5862,0.238366667,0.211933333,0.247316667,0.316666667,0.25105,0.148033333,-0.01245
SPY,9/25/2021,0.2917,-0.0178,0.488533333,0.259166667,0.272,0.2218,0.3663,0.294266667,0.642666667,0.0728
SPY,8/1/2021,0.6831,0.0112,0.6478,0.3756,0.3648,0.384,0.4211,0.3771,0.7898,0.672
SPY,6/30/2021,0.308233333,0.037666667,0.579533333,0.2209,0.191666667,0.182383333,0.308966667,0.2431,0.248366667,-0.016683333
SPY,6/26/2021,0.450766667,-0.0264,0.493,0.264866667,0.2364,0.2384,0.3434,0.273766667,0.366633333,-0.125866667
SPY,5/2/2021,0.838,0.0161,0.6411,0.3455,0.3377,0.2784,0.4201,0.3704,-0.2254,0.0167
SPY,3/31/2021,0.361433333,0.036016667,0.57865,0.228183333,0.210016667,0.129266667,0.326033333,0.263083333,0.419916667,0.012083333
SPY,3/27/2021,0.4858,-0.027833333,0.479166667,0.229,0.198566667,0.177566667,0.308666667,0.238766667,0.462066667,-0.067333333
SPY,1/31/2021,0.6113,0.0177,0.6308,0.3012,0.2912,0.3566,0.362,0.3044,0.0609,1.9769
SPY,12/31/2020,0.204616667,0.022466667,0.5436,0.2058,0.167183333,-0.379316667,0.284833333,0.215583333,0.657083333,0.054833333
SPY,12/26/2020,0.2425,-0.019333333,0.471033333,0.257033333,0.366733333,0.260066667,0.354533333,0.286066667,0.429633333,0.021666667
SPY,10/25/2020,0.568,0.0194,0.6263,0.2958,0.2827,0.1705,0.3597,0.2964,0.0379,2.0765
SPY,9/30/2020,0.178416667,-0.0043,0.578033333,0.229466667,0.178466667,-0.044733333,0.295633333,0.228733333,0.559866667,0.06985
SPY,9/26/2020,0.1736,-0.002666667,0.450666667,0.221566667,0.189433333,0.2095,0.303966667,0.222166667,0.3048,-0.051966667
SPY,7/26/2020,0.499,0.0162,0.5885,0.1684,0.1609,0.3492,0.276,0.1715,0.2957,2.0627
SPY,6/30/2020,0.077266667,-0.01155,0.542033333,0.19235,0.130066667,0.374083333,0.2559,0.174633333,0.44205,0.104633333
SPY,6/27/2020,0.1888,0,0.4505,0.1992,0.1762,0.2393,0.2895,0.208233333,0.5514,0.0301
SPY,4/26/2020,0.3874,0.0097,0.6506,0.3169,0.2977,0.2448,0.3614,0.3266,1.0961,2.0226
SPY,3/31/2020,0.083366667,-0.012716667,0.555283333,0.182133333,0.08895,-0.283783333,0.205383333,0.12445,0.572233333,0.076833333
SPY,3/28/2020,0.214566667,0.0002,0.482533333,0.224833333,0.1897,0.0917,0.3114,0.229633333,0.2481,-0.030533333
SPY,1/26/2020,0.4082,-0.0016,0.649,0.3188,0.3063,0.4251,0.3655,0.3314,0.4682,0.2837
SPY,12/31/2019,0.117816667,-0.011566667,0.55,0.192,0.132983333,0.561716667,0.24625,0.1746,0.148216667,0.169483333
SPY,12/28/2019,0.223733333,-0.0165,0.4725,0.259466667,0.221266667,0.251966667,0.3248,0.254166667,0.090533333,-0.135966667
SPY,10/27/2019,-0.0525,-0.0112,0.6357,0.3076,0.2983,0.51,0.353,0.3225,0.2869,0.2357
SPY,9/30/2019,0.06165,-0.010566667,0.557883333,0.195733333,0.1478,0.390866667,0.26715,0.191383333,0.136,0.278133333
SPY,9/28/2019,0.036333333,-0.025233333,0.466566667,0.227766667,0.197466667,0.2272,0.309466667,0.2336,-0.0249,-0.0652
SPY,7/28/2019,-0.1742,-0.016,0.5975,0.2214,0.214,0.3191,0.2757,0.24,0.067,0.2354
SPY,6/30/2019,0.150966667,-0.009916667,0.555933333,0.185066667,0.14835,0.194983333,0.2571,0.17995,0.219166667,0.2648
SPY,6/29/2019,-0.048266667,-0.048766667,0.46,0.177566667,0.154266667,0.135066667,0.272366667,0.189333333,-0.0038,-0.046133333
SPY,4/28/2019,-0.3078,-0.0175,0.5838,0.1613,0.1775,0.2667,0.2221,0.1811,0.0688,0.237
SPY,3/31/2019,0.0959,-0.011916667,0.554,0.175233333,0.124866667,-0.164833333,0.250666667,0.171633333,-0.005366667,0.242416667
SPY,3/30/2019,-0.093033333,-0.0223,0.450533333,0.173666667,0.1531,0.012433333,0.2749,0.188566667,-0.090333333,-0.046133333
SPY,1/27/2019,-0.2425,-0.0111,0.5474,0.1333,0.2567,0.3152,0.1887,0.1533,0.0442,-0.006
SPY,12/31/2018,0.2477,-0.009783333,0.547533333,0.176583333,0.122283333,-0.0632,0.23315,0.164166667,0.004366667,0.064316667
SPY,12/29/2018,0.036,0.002733333,0.453366667,0.210066667,0.180666667,0.1646,0.2761,0.208,-0.111,-0.061166667
SPY,10/28/2018,0.2068,-0.0048,0.6039,0.3326,0.3867,0.1059,0.3659,0.3445,0.2011,-0.01
SPY,9/30/2018,0.3229,-0.009533333,0.566483333,0.201283333,0.153733333,0.428816667,0.2926,0.202233333,0.129583333,0.012116667
SPY,9/29/2018,0.142166667,-0.0227,0.475933333,0.243466667,0.206733333,0.1827,0.3096,0.2472,-0.0545,-0.071866667
SPY,7/29/2018,0.4004,-0.0111,0.6324,0.3705,0.3525,0.251,0.4012,0.3823,0.3515,-0.0347
SPY,6/30/2018,0.224711111,0.010088889,0.523,0.179277778,0.140666667,0.063711111,0.248633333,0.182988889,0.048022222,0.279844444
SPY,4/29/2018,0.6557,-0.0218,0.6448,0.4038,0.3879,0.4138,0.4312,0.4135,0.1763,-0.095
SPY,3/31/2018,0.201788889,0.0031,0.5144,0.171355556,0.135788889,0.012066667,0.247055556,0.180077778,0.109222222,0.337744444
SPY,1/28/2018,0.3396,-0.0858,0.6187,0.3686,0.3844,0.3243,0.3944,0.3758,0.0456,-0.2883
SPY,12/31/2017,0.178466667,0.0045,0.534983333,0.137583333,-0.021216667,0.188833333,0.244366667,0.14065,0.0966,0.501783333
SPY,12/30/2017,0.1102,-0.006166667,0.451133333,0.204933333,0.0576,0.227866667,0.2966,0.3521,-0.028366667,0.143566667
SPY,10/29/2017,0.3154,-0.0383,0.5952,0.3395,0.3179,0.4127,0.3642,0.3456,-0.0526,-0.3399
SPY,9/30/2017,0.132833333,0.032977778,0.517066667,0.168133333,0.117744444,0.093322222,0.245411111,0.177555556,0.069611111,0.614922222
SPY,7/30/2017,0.5616,-0.0016,0.5839,0.3085,0.2614,0.2919,0.3354,0.3135,0.2046,0.3747
SPY,7/1/2017,0.094533333,0.034333333,0.445533333,0.165466667,0.115233333,0.063266667,0.252166667,0.179866667,0.1591,0.008866667
SPY,6/30/2017,0.2574,0.0201,0.5665,0.162183333,0.11215,-0.23155,0.2311,0.163333333,0.076866667,0.3823
SPY,4/30/2017,0.4843,0.0701,0.5937,0.286,0.2617,0.1177,0.3092,0.285,0.3054,0.4645
SPY,4/1/2017,0.180666667,0.044966667,0.4431,0.173766667,0.126933333,0.013733333,0.252666667,0.1845,0.188566667,-0.040566667
SPY,3/31/2017,0.344833333,0.025516667,0.563366667,0.155816667,0.100533333,-0.14795,0.227483333,0.158033333,1.13985,0.414083333
SPY,1/29/2017,0.551,0.1721,0.5996,0.3373,0.301,0.3088,0.364,0.3424,0.3496,0.8609
SPY,12/31/2016,0.190133333,0.023088889,0.506433333,0.163644444,0.112411111,0.219755556,0.255744444,0.166855556,0.374866667,0.313366667
SPY,10/30/2016,0.5356,0.1558,0.5903,0.3189,0.2705,0.1966,0.3418,0.3179,0.411,1.1489
SPY,10/1/2016,0.0908,0.0002,0.6327,0.2828,0.2141,0.2088,0.4042,0.282,-0.1475,0.3034
SPY,9/30/2016,0.332,0.015716667,0.559166667,0.175633333,0.118033333,-0.0207,0.235616667,0.172416667,0.961866667,0.17215
SPY,9/24/2016,0.0708,-0.00635,0.21265,0.0134,-0.0591,0.1497,0.03655,-0.00325,0.4107,0.0375
SPY,7/31/2016,0.2385,0.1403,0.5784,0.222,0.1828,0.1218,0.2633,0.2304,0.083,0.0687
SPY,7/2/2016,0.0256,-0.0088,0.5892,0.0974,0.0983,0.1152,0.2744,0.1327,0.2753,1.1621
SPY,6/30/2016,0.1386,0.008716667,0.567183333,0.160383333,0.0836,0.26375,0.21865,0.154283333,1.24735,0.132783333
SPY,6/25/2016,-0.02795,0.00165,0.3454,0.1154,0.12565,0.03965,0.24195,0.19605,0.14785,0.27355
SPY,5/1/2016,0.1338,0.0546,0.5755,0.1877,0.1594,0.2023,0.2284,0.1939,-0.0079,0.0748
SPY,4/2/2016,0.0721,-0.0079,0.5933,0.1874,0.1493,0.1977,0.3361,0.189,0.0689,0.9171
SPY,3/31/2016,0.052033333,0.0072,0.555433333,0.128383333,0.061983333,-0.079383333,0.185166667,0.119966667,-0.016,0.118083333
SPY,3/26/2016,-0.16035,-0.0149,0.35865,0.0975,0.0385,0.0482,0.1465,0.1022,-0.0031,0.40325
SPY,1/31/2016,0.1199,0.0596,0.5646,0.1799,0.1485,0.354,0.2227,0.1899,0.0896,0.0801
SPY,12/31/2015,0.085316667,0.01465,0.529816667,0.1073,0.054916667,0.185766667,0.1906,0.100683333,0.948666667,0.099833333
SPY,12/26/2015,-0.065533333,-0.014133333,0.446466667,0.185266667,0.125933333,0.181766667,0.2607,0.187933333,0.256066667,0.467033333
SPY,10/25/2015,0.0653,0.0125,0.5625,0.1877,0.1885,0.1862,0.2337,0.1969,0.1149,0.0178
SPY,9/30/2015,0.017616667,0.004733333,0.560766667,0.114766667,0.0753,0.172,0.164766667,0.105616667,0.119266667,0.4
SPY,9/26/2015,-0.013666667,-0.041,0.418066667,0.1416,0.081733333,0.144966667,0.2356,0.1498,0.155433333,0.481066667
SPY,7/26/2015,0.0453,-0.0263,0.5499,0.0659,0.0225,0.1223,0.1154,0.0729,0.0271,0.018
SPY,6/30/2015,0.08025,0.001233333,0.562016667,0.081883333,0.0231,0.155366667,0.133833333,0.0815,0.06235,0.385
SPY,6/27/2015,-0.022366667,-0.023166667,0.422733333,0.119333333,0.076066667,0.102733333,0.216766667,0.124766667,-0.030366667,0.260966667
SPY,4/26/2015,0.0435,-0.0035,0.5673,0.1529,0.1164,0.1877,0.2068,0.1599,0.1022,0.0174
SPY,3/31/2015,0.13555,-0.004933333,0.56805,0.152033333,0.092833333,-0.172283333,0.1899,0.14055,0.059816667,0.3709
SPY,3/28/2015,0.003166667,-0.023666667,0.443033333,0.1289,0.071666667,0.094966667,0.2162,0.1323,0.0103,0.5497
SPY,1/25/2015,0.0935,-0.0443,0.5588,0.1847,0.1551,0.3293,0.2342,0.191,-0.0104,0.0176
SPY,12/31/2014,0.11275,-0.0045,0.524866667,0.017016667,0.005933333,0.02935,0.087766667,0.006633333,0.30065,0.833483333
SPY,12/27/2014,0.046366667,-0.024533333,0.447633333,0.1204,0.0655,0.243566667,0.201733333,0.1281,-0.077333333,0.4122
SPY,10/26/2014,0.1623,-0.0522,0.5518,0.1739,0.1412,0.1445,0.2245,0.1796,0.3982,80.824
SPY,9/30/2014,0.264166667,0.003616667,0.557033333,0.132883333,0.083866667,0.025466667,0.17105,0.12765,0.33955,0.528466667
SPY,9/27/2014,0.060533333,-0.014966667,0.458566667,0.207033333,0.146933333,0.1462,0.2883,0.210933333,-0.080933333,0.3803
SPY,7/27/2014,0.1287,-0.0355,0.5612,0.1478,0.116,0.0662,0.2022,0.1514,0.4939,77.3766
SPY,6/30/2014,0.213666667,0.01085,0.5669,0.14815,0.097033333,0.013516667,0.191783333,0.1442,0.482316667,0.598983333
SPY,6/28/2014,0.126833333,-0.0151,0.4613,0.198766667,0.128066667,0.121133333,0.2743,0.192433333,0.033,0.2979
SPY,4/27/2014,0.1553,-0.0796,0.5476,0.1369,0.1242,0.1296,0.2076,0.1578,0.1709,74.2719
SPY,3/31/2014,0.060516667,0.00635,0.56005,0.15545,0.10035,0.217516667,0.1976,0.152216667,1.8077,0.7402
SPY,3/29/2014,0.115166667,-0.015666667,0.446066667,0.1765,0.1203,0.0555,0.254066667,0.175266667,0.018566667,0.02215
VOO,12/31/2022,0.054855556,0.026411111,0.519544444,0.164055556,0.131022222,0.273322222,0.251133333,0.155122222,-0.004377778,0.327011111
VOO,10/30/2022,-0.165,-0.0154,0.5357,0.1013,0.1147,-0.0233,0.1828,0.1143,-0.3189,0.0052
VOO,10/1/2022,-0.2008,0.0095,0.4261,-0.0114,0.0664,-0.4087,0.1908,-0.0213,-0.3487,-0.0194
VOO,9/30/2022,0.150016667,-0.006333333,0.579133333,0.21855,0.163383333,-0.114766667,0.2644,0.205233333,-0.056083333,-0.1056
VOO,9/24/2022,0.18585,0.145,0.4228,0.13235,0.1209,0.19125,0.26055,0.13795,0.2186,1.96415
VOO,7/31/2022,0.0303,-0.0063,0.4348,0.0744,0.0979,0.1249,0.1369,0.0805,-0.1332,-0.0764
VOO,7/2/2022,-0.2196,0.0039,0.3647,-0.0457,-0.0296,-0.4199,0.1539,-0.0516,0.088,0.0006
VOO,6/30/2022,0.168633333,-0.006,0.58755,0.215033333,0.150833333,0.598683333,0.256633333,0.19205,-0.08485,-0.102216667
VOO,6/25/2022,0.36,0.14685,0.44745,0.17925,0.1513,0.19445,0.2921,0.1835,0.2529,2.3838
VOO,5/1/2022,0.4641,0.0036,0.6553,0.2254,0.1952,0.1653,0.2663,0.226,0.6056,0.5387
VOO,4/2/2022,-0.0671,0.0027,0.5037,0.2365,0.4421,0.0701,0.6545,0.4721,0.7277,0.038
VOO,3/31/2022,0.151183333,-0.001533333,0.587016667,0.227366667,0.147883333,-0.180183333,0.24555,0.182383333,-0.048533333,-0.085416667
VOO,3/26/2022,0.3974,0.05715,0.4581,0.23485,0.1953,0.21035,0.30335,0.2359,0.51965,1.4505
VOO,1/30/2022,0.5277,0.0063,0.6541,0.3886,0.3929,0.3611,0.4233,0.3828,0.8344,0.5384
VOO,12/31/2021,0.176333333,0.010566667,0.574766667,0.2246,0.251766667,0.549716667,0.359633333,0.295016667,0.083983333,-0.0342
VOO,12/25/2021,0.209133333,-0.008566667,0.4922,0.275933333,0.235466667,0.1334,0.3497,0.283233333,0.278533333,0.129166667
VOO,10/31/2021,0.503,0.0071,0.652,0.376,0.3469,0.1826,0.4221,0.3801,0.9033,0.5449
VOO,9/30/2021,0.194066667,0.033633333,0.5862,0.238366667,0.211933333,0.247316667,0.316666667,0.25105,0.148033333,-0.01245
VOO,9/25/2021,0.2917,-0.0178,0.488533333,0.259166667,0.272,0.2218,0.3663,0.294266667,0.642666667,0.0728
VOO,8/1/2021,0.6831,0.0112,0.6478,0.3756,0.3648,0.384,0.4211,0.3771,0.7898,0.672
VOO,6/30/2021,0.308233333,0.037666667,0.579533333,0.2209,0.191666667,0.182383333,0.308966667,0.2431,0.248366667,-0.016683333
VOO,6/26/2021,0.450766667,-0.0264,0.493,0.264866667,0.2364,0.2384,0.3434,0.273766667,0.366633333,-0.125866667
VOO,5/2/2021,0.838,0.0161,0.6411,0.3455,0.3377,0.2784,0.4201,0.3704,-0.2254,0.0167
VOO,3/31/2021,0.361433333,0.036016667,0.57865,0.228183333,0.210016667,0.129266667,0.326033333,0.263083333,0.419916667,0.012083333
VOO,3/27/2021,0.4858,-0.027833333,0.479166667,0.229,0.198566667,0.177566667,0.308666667,0.238766667,0.462066667,-0.067333333
VOO,1/31/2021,0.6113,0.0177,0.6308,0.3012,0.2912,0.3566,0.362,0.3044,0.0609,1.9769
VOO,12/31/2020,0.204616667,0.022466667,0.5436,0.2058,0.167183333,-0.379316667,0.284833333,0.215583333,0.657083333,0.054833333
VOO,12/26/2020,0.2425,-0.019333333,0.471033333,0.257033333,0.366733333,0.260066667,0.354533333,0.286066667,0.429633333,0.021666667
VOO,10/25/2020,0.568,0.0194,0.6263,0.2958,0.2827,0.1705,0.3597,0.2964,0.0379,2.0765
VOO,9/30/2020,0.178416667,-0.0043,0.578033333,0.229466667,0.178466667,-0.044733333,0.295633333,0.228733333,0.559866667,0.06985
VOO,9/26/2020,0.1736,-0.002666667,0.450666667,0.221566667,0.189433333,0.2095,0.303966667,0.222166667,0.3048,-0.051966667
VOO,7/26/2020,0.499,0.0162,0.5885,0.1684,0.1609,0.3492,0.276,0.1715,0.2957,2.0627
VOO,6/30/2020,0.077266667,-0.01155,0.542033333,0.19235,0.130066667,0.374083333,0.2559,0.174633333,0.44205,0.104633333
VOO,6/27/2020,0.1888,0,0.4505,0.1992,0.1762,0.2393,0.2895,0.208233333,0.5514,0.0301
VOO,4/26/2020,0.3874,0.0097,0.6506,0.3169,0.2977,0.2448,0.3614,0.3266,1.0961,2.0226
VOO,3/31/2020,0.083366667,-0.012716667,0.555283333,0.182133333,0.08895,-0.283783333,0.205383333,0.12445,0.572233333,0.076833333
VOO,3/28/2020,0.214566667,0.0002,0.482533333,0.224833333,0.1897,0.0917,0.3114,0.229633333,0.2481,-0.030533333
VOO,1/26/2020,0.4082,-0.0016,0.649,0.3188,0.3063,0.4251,0.3655,0.3314,0.4682,0.2837
VOO,12/31/2019,0.117816667,-0.011566667,0.55,0.192,0.132983333,0.561716667,0.24625,0.1746,0.148216667,0.169483333
VOO,12/28/2019,0.223733333,-0.0165,0.4725,0.259466667,0.221266667,0.251966667,0.3248,0.254166667,0.090533333,-0.135966667
VOO,10/27/2019,-0.0525,-0.0112,0.6357,0.3076,0.2983,0.51,0.353,0.3225,0.2869,0.2357
VOO,9/30/2019,0.06165,-0.010566667,0.557883333,0.195733333,0.1478,0.390866667,0.26715,0.191383333,0.136,0.278133333
VOO,9/28/2019,0.036333333,-0.025233333,0.466566667,0.227766667,0.197466667,0.2272,0.309466667,0.2336,-0.0249,-0.0652
VOO,7/28/2019,-0.1742,-0.016,0.5975,0.2214,0.214,0.3191,0.2757,0.24,0.067,0.2354
VOO,6/30/2019,0.150966667,-0.009916667,0.555933333,0.185066667,0.14835,0.194983333,0.2571,0.17995,0.219166667,0.2648
VOO,6/29/2019,-0.048266667,-0.048766667,0.46,0.177566667,0.154266667,0.135066667,0.272366667,0.189333333,-0.0038,-0.046133333
VOO,4/28/2019,-0.3078,-0.0175,0.5838,0.1613,0.1775,0.2667,0.2221,0.1811,0.0688,0.237
VOO,3/31/2019,0.0959,-0.011916667,0.554,0.175233333,0.124866667,-0.164833333,0.250666667,0.171633333,-0.005366667,0.242416667
VOO,3/30/2019,-0.093033333,-0.0223,0.450533333,0.173666667,0.1531,0.012433333,0.2749,0.188566667,-0.090333333,-0.046133333
VOO,1/27/2019,-0.2425,-0.0111,0.5474,0.1333,0.2567,0.3152,0.1887,0.1533,0.0442,-0.006
VOO,12/31/2018,0.2477,-0.009783333,0.547533333,0.176583333,0.122283333,-0.0632,0.23315,0.164166667,0.004366667,0.064316667
VOO,12/29/2018,0.036,0.002733333,0.453366667,0.210066667,0.180666667,0.1646,0.2761,0.208,-0.111,-0.061166667
VOO,10/28/2018,0.2068,-0.0048,0.6039,0.3326,0.3867,0.1059,0.3659,0.3445,0.2011,-0.01
VOO,9/30/2018,0.3229,-0.009533333,0.566483333,0.201283333,0.153733333,0.428816667,0.2926,0.202233333,0.129583333,0.012116667
VOO,9/29/2018,0.142166667,-0.0227,0.475933333,0.243466667,0.206733333,0.1827,0.3096,0.2472,-0.0545,-0.071866667
VOO,7/29/2018,0.4004,-0.0111,0.6324,0.3705,0.3525,0.251,0.4012,0.3823,0.3515,-0.0347
VOO,6/30/2018,0.224711111,0.010088889,0.523,0.179277778,0.140666667,0.063711111,0.248633333,0.182988889,0.048022222,0.279844444
VOO,4/29/2018,0.6557,-0.0218,0.6448,0.4038,0.3879,0.4138,0.4312,0.4135,0.1763,-0.095
VOO,3/31/2018,0.201788889,0.0031,0.5144,0.171355556,0.135788889,0.012066667,0.247055556,0.180077778,0.109222222,0.337744444
VOO,1/28/2018,0.3396,-0.0858,0.6187,0.3686,0.3844,0.3243,0.3944,0.3758,0.0456,-0.2883
VOO,12/31/2017,0.178466667,0.0045,0.534983333,0.137583333,-0.021216667,0.188833333,0.244366667,0.14065,0.0966,0.501783333
VOO,12/30/2017,0.1102,-0.006166667,0.451133333,0.204933333,0.0576,0.227866667,0.2966,0.3521,-0.028366667,0.143566667
VOO,10/29/2017,0.3154,-0.0383,0.5952,0.3395,0.3179,0.4127,0.3642,0.3456,-0.0526,-0.3399
VOO,9/30/2017,0.132833333,0.032977778,0.517066667,0.168133333,0.117744444,0.093322222,0.245411111,0.177555556,0.069611111,0.614922222
VOO,7/30/2017,0.5616,-0.0016,0.5839,0.3085,0.2614,0.2919,0.3354,0.3135,0.2046,0.3747
VOO,7/1/2017,0.094533333,0.034333333,0.445533333,0.165466667,0.115233333,0.063266667,0.252166667,0.179866667,0.1591,0.008866667
VOO,6/30/2017,0.2574,0.0201,0.5665,0.162183333,0.11215,-0.23155,0.2311,0.163333333,0.076866667,0.3823
VOO,4/30/2017,0.4843,0.0701,0.5937,0.286,0.2617,0.1177,0.3092,0.285,0.3054,0.4645
VOO,4/1/2017,0.180666667,0.044966667,0.4431,0.173766667,0.126933333,0.013733333,0.252666667,0.1845,0.188566667,-0.040566667
VOO,3/31/2017,0.344833333,0.025516667,0.563366667,0.155816667,0.100533333,-0.14795,0.227483333,0.158033333,1.13985,0.414083333
VOO,1/29/2017,0.551,0.1721,0.5996,0.3373,0.301,0.3088,0.364,0.3424,0.3496,0.8609
VOO,12/31/2016,0.190133333,0.023088889,0.506433333,0.163644444,0.112411111,0.219755556,0.255744444,0.166855556,0.374866667,0.313366667
VOO,10/30/2016,0.5356,0.1558,0.5903,0.3189,0.2705,0.1966,0.3418,0.3179,0.411,1.1489
VOO,10/1/2016,0.0908,0.0002,0.6327,0.2828,0.2141,0.2088,0.4042,0.282,-0.1475,0.3034
VOO,9/30/2016,0.332,0.015716667,0.559166667,0.175633333,0.118033333,-0.0207,0.235616667,0.172416667,0.961866667,0.17215
VOO,9/24/2016,0.0708,-0.00635,0.21265,0.0134,-0.0591,0.1497,0.03655,-0.00325,0.4107,0.0375
VOO,7/31/2016,0.2385,0.1403,0.5784,0.222,0.1828,0.1218,0.2633,0.2304,0.083,0.0687
VOO,7/2/2016,0.0256,-0.0088,0.5892,0.0974,0.0983,0.1152,0.2744,0.1327,0.2753,1.1621
VOO,6/30/2016,0.1386,0.008716667,0.567183333,0.160383333,0.0836,0.26375,0.21865,0.154283333,1.24735,0.132783333
VOO,6/25/2016,-0.02795,0.00165,0.3454,0.1154,0.12565,0.03965,0.24195,0.19605,0.14785,0.27355
VOO,5/1/2016,0.1338,0.0546,0.5755,0.1877,0.1594,0.2023,0.2284,0.1939,-0.0079,0.0748
VOO,4/2/2016,0.0721,-0.0079,0.5933,0.1874,0.1493,0.1977,0.3361,0.189,0.0689,0.9171
VOO,3/31/2016,0.052033333,0.0072,0.555433333,0.128383333,0.061983333,-0.079383333,0.185166667,0.119966667,-0.016,0.118083333
VOO,3/26/2016,-0.16035,-0.0149,0.35865,0.0975,0.0385,0.0482,0.1465,0.1022,-0.0031,0.40325
VOO,1/31/2016,0.1199,0.0596,0.5646,0.1799,0.1485,0.354,0.2227,0.1899,0.0896,0.0801
VOO,12/31/2015,0.085316667,0.01465,0.529816667,0.1073,0.054916667,0.185766667,0.1906,0.100683333,0.948666667,0.099833333
VOO,12/26/2015,-0.065533333,-0.014133333,0.446466667,0.185266667,0.125933333,0.181766667,0.2607,0.187933333,0.256066667,0.467033333
VOO,10/25/2015,0.0653,0.0125,0.5625,0.1877,0.1885,0.1862,0.2337,0.1969,0.1149,0.0178
VOO,9/30/2015,0.017616667,0.004733333,0.560766667,0.114766667,0.0753,0.172,0.164766667,0.105616667,0.119266667,0.4
VOO,9/26/2015,-0.013666667,-0.041,0.418066667,0.1416,0.081733333,0.144966667,0.2356,0.1498,0.155433333,0.481066667
VOO,7/26/2015,0.0453,-0.0263,0.5499,0.0659,0.0225,0.1223,0.1154,0.0729,0.0271,0.018
VOO,6/30/2015,0.08025,0.001233333,0.562016667,0.081883333,0.0231,0.155366667,0.133833333,0.0815,0.06235,0.385
VOO,6/27/2015,-0.022366667,-0.023166667,0.422733333,0.119333333,0.076066667,0.102733333,0.216766667,0.124766667,-0.030366667,0.260966667
VOO,4/26/2015,0.0435,-0.0035,0.5673,0.1529,0.1164,0.1877,0.2068,0.1599,0.1022,0.0174
VOO,3/31/2015,0.13555,-0.004933333,0.56805,0.152033333,0.092833333,-0.172283333,0.1899,0.14055,0.059816667,0.3709
VOO,3/28/2015,0.003166667,-0.023666667,0.443033333,0.1289,0.071666667,0.094966667,0.2162,0.1323,0.0103,0.5497
VOO,1/25/2015,0.0935,-0.0443,0.5588,0.1847,0.1551,0.3293,0.2342,0.191,-0.0104,0.0176
VOO,12/31/2014,0.11275,-0.0045,0.524866667,0.017016667,0.005933333,0.02935,0.087766667,0.006633333,0.30065,0.833483333
VOO,12/27/2014,0.046366667,-0.024533333,0.447633333,0.1204,0.0655,0.243566667,0.201733333,0.1281,-0.077333333,0.4122
VOO,10/26/2014,0.1623,-0.0522,0.5518,0.1739,0.1412,0.1445,0.2245,0.1796,0.3982,80.824
VOO,9/30/2014,0.264166667,0.003616667,0.557033333,0.132883333,0.083866667,0.025466667,0.17105,0.12765,0.33955,0.528466667
VOO,9/27/2014,0.060533333,-0.014966667,0.458566667,0.207033333,0.146933333,0.1462,0.2883,0.210933333,-0.080933333,0.3803
VOO,7/27/2014,0.1287,-0.0355,0.5612,0.1478,0.116,0.0662,0.2022,0.1514,0.4939,77.3766
VOO,6/30/2014,0.213666667,0.01085,0.5669,0.14815,0.097033333,0.013516667,0.191783333,0.1442,0.482316667,0.598983333
VOO,6/28/2014,0.126833333,-0.0151,0.4613,0.198766667,0.128066667,0.121133333,0.2743,0.192433333,0.033,0.2979
VOO,4/27/2014,0.1553,-0.0796,0.5476,0.1369,0.1242,0.1296,0.2076,0.1578,0.1709,74.2719
VOO,3/31/2014,0.060516667,0.00635,0.56005,0.15545,0.10035,0.217516667,0.1976,0.152216667,1.8077,0.7402
VOO,3/29/2014,0.115166667,-0.015666667,0.446066667,0.1765,0.1203,0.0555,0.254066667,0.175266667,0.018566667,0.02215
